kakot;Shape_Leng;Shape_Area;lat;long
Aceh Barat;2.62569117665;0.22977907401;4.45764043000;96.18555658000
Aceh Barat Daya;2.48935105248;0.15699226082;3.82622328000;96.88192254000
Aceh Besar;4.80498106796;0.23496766843;5.37936225000;95.51430834000
Aceh Jaya;3.54774205493;0.31730598851;4.83256609000;95.67903039000
Aceh Selatan;4.55825905335;0.34177311129;3.16195211000;97.43725575000
Aceh Singkil;4.94171161836;0.15236117154;2.35016798000;97.84618879000
Aceh Tamiang;2.76669193795;0.18190413341;4.22152434000;97.97721924000
Aceh Tengah;4.07049349759;0.36931515264;4.51856846000;96.87280087000
Aceh Tenggara;3.63926598071;0.33443264936;3.36819495000;97.69805824000
Aceh Timur;6.00731253719;0.42058857974;4.62535163000;97.63917011000
Aceh Utara;4.24238904175;0.21312869974;5.02317523000;97.17859509000
Administrasi Kepulauan Seribu;1.31215802698;0.00085063776;-5.69581901000;106.57866784000
Agam;2.78627573429;0.18073994405;-0.25172701000;100.17071423000
Alor;5.67288750714;0.24037265182;-8.30394453000;124.56841001000
Asahan;3.79383177092;0.30496372960;2.80574895000;99.55999174000
Asmat;12.60643522390;2.02585953930;-5.40630271000;138.66701657000
Badung;2.19522461392;0.03262382122;-8.58360888000;115.18829858000
Balangan;1.96455003727;0.14866183454;-2.31785515000;115.62277240000
Bandung;3.24523901202;0.14251118775;-7.09760015000;107.60873597000
Bandung Barat;2.56462643621;0.10500621821;-6.89047358000;107.41497038000
Banggai;8.55384432884;0.66563117561;-1.01667019000;122.59179752000
Banggai Kepulauan;7.58731815484;0.19381285154;-1.37179363000;123.14329258000
Banggai Laut;10.54575256970;0.05593950069;-1.78013101000;123.52941980000
Bangka;4.10554440510;0.24580518436;-1.90450708000;105.91914664000
Bangka Barat;3.62712345755;0.23118774463;-1.88907207000;105.48695765000
Bangka Selatan;5.56889055479;0.29689359745;-2.77473005000;106.34702085000
Bangka Tengah;4.26301852258;0.17938416549;-2.43086335000;106.23499688000
Bangkalan;2.04032410757;0.10647939666;-7.04435746000;112.92953239000
Bangli;1.49846174304;0.04335453447;-8.29275919000;115.34733835000
Banjar;5.24887178643;0.37448957300;-3.31814717000;115.08427481000
Banjarnegara;2.29656551434;0.09377997217;-7.35129734000;109.65712108000
Bantaeng;0.98062777712;0.03235354396;-5.48869662000;119.98688868000
Bantul;1.86632117748;0.04188300863;-7.90127761000;110.35491794000
Banyuasin;10.56302719740;0.99951709899;-2.51843042000;104.68642854000
Banyumas;2.21960673724;0.11395464526;-7.45556199000;109.17580158000
Banyuwangi;4.32549538740;0.29515534895;-8.36471520000;114.20580077000
Barito Kuala;3.33382499143;0.19714439884;-3.09120357000;114.63100399000
Barito Selatan;4.67834171276;0.51815557362;-1.77654470000;114.91093542000
Barito Timur;2.83462925390;0.25332200744;-1.97270802000;115.15028670000
Barito Utara;6.65158048627;0.80898314960;-0.92728235000;115.13676929000
Barru;2.68014964201;0.09830240109;-4.44211501000;119.69468527000
Batang;1.54857738147;0.07009302579;-7.02097745000;109.86164051000
Batanghari;4.67666721339;0.44081416940;-1.74711238000;103.09917929000
Batu Bara;2.36726658470;0.07158497629;3.23708972000;99.47202567000
Bekasi;3.13369967777;0.10221988703;-6.21979798000;107.12172030000
Belitung;6.70249435160;0.18378989398;-2.86788423000;107.70921651000
Belitung Timur;4.97814061245;0.21151611743;-2.90808634000;108.04753545000
Belu;2.25960527580;0.09243018551;-9.15386380000;124.96849859000
Bener Meriah;3.49560718383;0.19343881229;4.75790721000;97.05915585000
Bengkalis;7.69871276708;0.68439154989;1.40866994000;101.64340307000
Bengkayang;6.41530036399;0.45413544779;1.01385529000;109.57154905000
Bengkulu Selatan;1.83042691286;0.09735957008;-4.35040007000;103.02425689000
Bengkulu Tengah;1.68706402694;0.09256500112;-3.68379111000;102.40386373000
Bengkulu Utara;4.40630928992;0.36389649950;-3.41902447000;102.00205969000
Berau;14.40946863030;1.78061691100;1.94838004000;117.28614450000
Biak Numfor;5.21375992857;0.18268948606;-1.00442409000;135.84442475000
Bima;9.16221079282;0.34621410864;-8.47504979000;118.61925354000
Bintan;9.33808082324;0.10702428909;1.00762202000;104.70377568000
Bireuen;2.26819681292;0.14267614750;5.09652572000;96.60611673000
Blitar;2.90163304860;0.14366922985;-8.13004633000;112.23815311000
Blora;2.58866524833;0.16019956943;-7.07448634000;111.38743860000
Boalemo;3.34854326454;0.14880200236;0.65285762000;122.32709140000
Bogor;4.51647534771;0.24456667821;-6.55985351000;106.76707849000
Bojonegoro;3.22646567216;0.18926093881;-7.25567114000;111.80990043000
Bolaang Mongondow;3.48523183665;0.25695744472;0.71290313000;124.04772925000
Bolaang Mongondow Selatan;3.85285796503;0.15461863109;0.45230810000;123.92054847000
Bolaang Mongondow Timur;2.11080091003;0.07079246170;0.71873485000;124.51197549000
Bolaang Mongondow Utara;2.47301658876;0.13364960349;0.76768310000;123.47645187000
Bombana;5.48455788254;0.26849095081;-4.80133986000;121.85244513000
Bondowoso;2.22019971598;0.12735340758;-7.94381487000;113.94758299000
Bone;4.59210873807;0.37225921482;-4.69569046000;120.13004088000
Bone Bolango;2.00901824867;0.15347666115;0.53235817000;123.29232115000
Boven Digoel;7.74404823297;1.91128552930;-6.00326983000;140.35923764000
Boyolali;3.01785120464;0.08983849929;-7.41680253000;110.65229187000
Brebes;3.15602008557;0.14264508390;-7.06284281000;108.92953345000
Buleleng;3.29266085770;0.10857737730;-8.20090254000;114.96086592000
Bulukumba;2.01478356172;0.09548111372;-5.43188083000;120.23603753000
Bulungan;10.74172943390;1.05563161756;2.82016973000;117.04170684000
Bungo;3.85192008871;0.38243575899;-1.59402143000;101.93079631000
Buol;5.03285894925;0.30107838935;0.97934441000;121.38507500000
Buru;3.84198364199;0.39567679763;-3.32419526000;126.72917415000
Buru Selatan;4.48052976599;0.30375298385;-3.57103268000;126.52437039000
Buton;3.07213209288;0.13455691621;-5.31137898000;122.92441304000
Buton Selatan;1.93159605117;0.04464487925;-5.60531548000;122.67805675000
Buton Tengah;3.08545688486;0.06935480923;-5.31537010000;122.40047773000
Buton Utara;4.71361510187;0.14282514164;-4.70296574000;123.01254116000
Ciamis;3.08074327444;0.13111379856;-7.29092453000;108.42898063000
Cianjur;4.38714608873;0.29729714809;-7.13108319000;107.15921439000
Cilacap;4.83871789446;0.19037798300;-7.48902479000;108.88990056000
Cirebon;2.86932907731;0.08781695355;-6.74600661000;108.55126942000
Dairi;2.31393410383;0.16441680349;2.84109681000;98.26884075000
Danau Toba;4.67949628874;0.09205540282;2.60680006000;98.81087329000
Deiyai;3.54331914775;0.20604878362;-4.17853211000;136.37378901000
Deli Serdang;4.46230357963;0.21029475731;3.48101702000;98.69493459000
Demak;2.72865524579;0.07994971133;-6.91077392000;110.63408256000
Dharmasraya;4.34769908204;0.24492604412;-1.13379159000;101.55487403000
Dogiyai;4.59236898121;0.38718467735;-4.02689062000;135.64339084000
Dompu;4.45375563232;0.18745726679;-8.47220456000;118.21704290000
Donggala;9.43134782929;0.41478191381;-0.43337036000;119.83128197000
Empat Lawang;2.48216654943;0.18813690865;-3.75661349000;102.95375171000
Ende;2.99631077393;0.17128497127;-8.67649031000;121.73545955000
Enrekang;2.18936504851;0.15105493759;-3.50346766000;119.87769096000
Fak Fak;15.71866810990;0.80096696126;-3.09471762000;132.85715959000
Flores Timur;4.67380652132;0.14355451611;-8.36519406000;122.94445415000
Garut;3.52235969144;0.25398510707;-7.35956280000;107.78790750000
Gayo Lues;4.26833748015;0.44128642156;3.97847705000;97.36221218000
Gianyar;1.08839387091;0.02994760940;-8.48099500000;115.28752222000
Gorontalo;3.22541349393;0.17726250641;0.69318028000;122.71480078000
Gorontalo Utara;5.21549095374;0.13840531287;0.88822573000;122.65295052000
Gowa;3.07303763323;0.14724873188;-5.30888156000;119.71907455000
Gresik;4.55170182221;0.10243045763;-6.92634086000;112.55832759000
Grobogan;3.19856589551;0.16570605019;-7.11768592000;110.92715588000
Gunung Mas;4.36491648854;0.75729495523;-1.02673437000;113.55953429000
Gunungkidul;2.49674010879;0.12135645495;-7.99351619000;110.61192474000
Halmahera Barat;5.72855214156;0.17226832664;1.36991656000;127.58853688000
Halmahera Selatan;27.22975531570;0.65784646154;-0.82719700000;127.70517957000
Halmahera Tengah;7.40941019749;0.18437200640;0.40111334000;128.29708647000
Halmahera Timur;7.44598245486;0.53075441736;1.02735799000;128.30501077000
Halmahera Utara;6.72407101127;0.28594735280;1.53773338000;127.82813432000
Hulu Sungai Selatan;2.32203794814;0.13725097160;-2.72956248000;115.20782519000
Hulu Sungai Tengah;2.41917397799;0.14932147907;-2.61037243000;115.52347232000
Hulu Sungai Utara;1.58537346286;0.07588889611;-2.43793487000;115.14817207000
Humbang Hasundutan;2.58795438703;0.18294146042;2.25458767000;98.57600154000
Indragiri Hilir;7.46209210491;1.08962686219;-0.23364613000;103.16329274000
Indragiri Hulu;4.58478889733;0.67161790739;-0.53113429000;102.33008458000
Indramayu;3.33616301543;0.16956502853;-6.44745010000;108.16877642000
Intan Jaya;5.85230047412;0.52011762909;-3.51922295000;136.80234274000
Jayapura;7.84992046557;1.08689079875;-2.99391544000;140.01157286000
Jayawijaya;3.06789990805;0.20761650926;-4.10080022000;138.86935107000
Jember;4.37072743188;0.27129853320;-8.23561229000;113.65612120000
Jembrana;1.64562968087;0.06992288661;-8.31258480000;114.68232744000
Jeneponto;2.21728637088;0.06509365981;-5.56689108000;119.69868200000
Jepara;2.96321966284;0.08344258249;-6.54913762000;110.76812875000
Jombang;2.07333086266;0.09095808382;-7.54468236000;112.26405839000
Kaimana;22.59151256110;1.37863484513;-3.59093313000;134.03564807000
Kampar;7.73576385894;0.85814679772;0.32609044000;101.06297684000
Kapuas;9.49073590503;1.38726724806;-1.77105682000;114.30240674000
Kapuas Hulu;10.18610852580;2.55308277325;0.82968552000;112.81115681000
Karanganyar;1.97162004797;0.06580516138;-7.61416172000;111.01925453000
Karangasem;1.50640889711;0.06886084433;-8.37433776000;115.52996895000
Karawang;2.94117691970;0.15637775392;-6.25235349000;107.35429605000
Karimun;9.48415939821;0.07566830332;0.82548129000;103.53133745000
Karo;2.84001315364;0.17634527666;3.11951224000;98.29622591000
Katingan;9.49617574962;1.64275786948;-1.67818292000;113.06730940000
Kaur;2.95888196306;0.21314909594;-4.61093038000;103.41283159000
Kayong Utara;6.88352767189;0.33590780558;-1.10524020000;109.87848294000
Kebumen;1.98759099705;0.10929380748;-7.65498941000;109.61734582000
Kediri;2.70770300201;0.12521210652;-7.82897167000;112.08954925000
Keerom;7.70985014784;0.73794758209;-3.35280916000;140.69377686000
Kendal;2.31361229620;0.08251010448;-7.03870580000;110.15732541000
Kepahiang;1.33100075145;0.06088830404;-3.62747246000;102.64389660000
Kepulauan Anambas;11.46355780890;0.05131897904;3.08747847000;106.06440545000
Kepulauan Aru;34.33603200900;0.66160994621;-6.19664739000;134.45095359000
Kepulauan Mentawai;14.76840080460;0.48660375795;-1.85057414000;99.33771661000
Kepulauan Meranti;5.54736147477;0.29444192595;1.00327126000;102.64933014000
Kepulauan Sangihe;4.82190843297;0.04949928572;3.56395092000;125.54364055000
Kepulauan Selayar;7.32117367547;0.09658337226;-6.56040520000;120.72458302000
Kepulauan Siau Tagulandang Biaro;1.95533063668;0.01774444261;2.53922358000;125.39672015000
Kepulauan Sula;5.37420941693;0.14457199840;-1.96382816000;125.83969508000
Kepulauan Talaud;3.58314488788;0.08242413322;4.22585359000;126.78106930000
Kepulauan Tanimbar;15.45220902510;0.36302026780;-7.58480190000;131.36739133000
Kepulauan Yapen;8.55393510545;0.19742592563;-1.74548533000;136.17415627000
Kerinci;3.20219648270;0.27741069793;-2.03422883000;101.46846548000
Ketapang;13.65483025260;2.41598427487;-1.64310189000;110.60437416000
Klaten;1.56160915527;0.05721091707;-7.68567974000;110.61973428000
Klungkung;1.54919040293;0.02578656259;-8.66701522000;115.49368049000
Kolaka;5.45340672791;0.24095569013;-4.07479479000;121.52201272000
Kolaka Timur;4.78753998135;0.32234710545;-3.78952672000;121.60499341000
Kolaka Utara;3.98913066374;0.23941229243;-3.26140873000;121.13402019000
Konawe;7.17863355172;0.43660289897;-3.52740028000;121.86364474000
Konawe Kepulauan;1.17136048212;0.05747681781;-4.11459153000;123.09625089000
Konawe Selatan;5.68691542026;0.34928678078;-4.26334971000;122.41757555000
Konawe Utara;6.14790721724;0.34110491554;-3.39270964000;122.03076338000
Kota Administrasi Jakarta Barat;0.61607661220;0.01023944883;-6.16533147000;106.74832262000
Kota Administrasi Jakarta Pusat;0.37639818030;0.00391621384;-6.18120112000;106.83512426000
Kota Administrasi Jakarta Selatan;0.84856804049;0.01181984541;-6.27256740000;106.81004300000
Kota Administrasi Jakarta Timur;1.04027098679;0.01512223101;-6.25496969000;106.90068917000
Kota Administrasi Jakarta Utara;1.44850625205;0.01178413079;-6.12797365000;106.86562062000
Kota Ambon;1.33316892468;0.01927864971;-3.68532042000;128.19501406000
Kota Balikpapan;1.18674206617;0.04143465216;-1.15669086000;116.87224118000
Kota Banda Aceh;0.57637340251;0.00449557602;5.55809590000;95.32771854000
Kota Bandar Lampung;1.03151879000;0.01474445652;-5.41412690000;105.26398524000
Kota Bandung;0.81753679563;0.01363091804;-6.91924396000;107.63660066000
Kota Banjar;0.71039629233;0.01059519088;-7.37678620000;108.56755325000
Kota Banjarbaru;0.95733257441;0.02719075226;-3.47658907000;114.79484809000
Kota Banjarmasin;0.50921519464;0.00800498065;-3.32912257000;114.59179850000
Kota Batam;13.94629842820;0.08395460056;0.96286048000;104.06364434000
Kota Batu;0.69347133586;0.01592006677;-7.83468124000;112.53375244000
Kota Bau Bau;0.95230432997;0.02357910315;-5.43004039000;122.67512268000
Kota Bekasi;1.25707840576;0.01740897300;-6.28084116000;106.97536488000
Kota Bengkulu;0.92007447967;0.01223976569;-3.84061499000;102.30806379000
Kota Bima;0.89796432304;0.01699828501;-8.45467441000;118.78168623000
Kota Binjai;0.63874719672;0.00766067148;3.60017587000;98.48892572000
Kota Bitung;2.08146262766;0.02669172517;1.48987748000;125.15819831000
Kota Blitar;0.35086920774;0.00275112766;-8.09491243000;112.16682319000
Kota Bogor;0.70817747417;0.00910608468;-6.59349435000;106.79935743000
Kota Bontang;1.66154602819;0.01290904000;0.09272302000;117.45837471000
Kota Bukittinggi;0.25380855594;0.00191407578;-0.30007896000;100.37258667000
Kota Cilegon;1.22924873590;0.01325725362;-5.99906720000;106.01847491000
Kota Cimahi;0.40318146796;0.00347148542;-6.88631933000;107.54289549000
Kota Cirebon;0.48937053188;0.00322573669;-6.74171299000;108.55328161000
Kota Denpasar;0.73369366230;0.01035282079;-8.66820583000;115.22067745000
Kota Depok;1.11135578051;0.01637767835;-6.39622984000;106.81683539000
Kota Dumai;2.45056879773;0.16451743349;1.75756576000;101.34058932000
Kota Gorontalo;0.46432784031;0.00576609920;0.53841513000;123.05533341000
Kota Gunungsitoli;1.17115714726;0.02276887021;1.27064109000;97.58732842000
Kota Jambi;0.63828790734;0.01386155962;-1.61830541000;103.59987537000
Kota Jayapura;2.36418078185;0.06621542932;-2.66272581000;140.79719604000
Kota Kediri;0.49056287786;0.00545707687;-7.82614867000;112.01562467000
Kota Kendari;1.13348893625;0.02192022209;-3.99899942000;122.53427102000
Kota Kotamobagu;0.50156822682;0.00884696651;0.71107861000;124.31830828000
Kota Kupang;0.78911690801;0.01239511728;-10.20484519000;123.60516700000
Kota Langsa;0.98439421759;0.01714255838;4.48392942000;97.98280661000
Kota Lhokseumawe;0.69334496070;0.01113538072;5.16492013000;97.11053954000
Kota Lubuk Linggau;0.99226262609;0.03068892162;-3.26388175000;102.87597042000
Kota Madiun;0.43891865513;0.00295404338;-7.62934819000;111.52730837000
Kota Magelang;0.26015936978;0.00150243820;-7.47667816000;110.22016725000
Kota Makassar;1.09770673468;0.01399993163;-5.13497097000;119.46659971000
Kota Malang;0.70625703915;0.00910980629;-7.97830443000;112.63590747000
Kota Manado;1.18076547260;0.01303324178;1.52472648000;124.84744592000
Kota Mataram;0.34667898619;0.00496289061;-8.59015556000;116.11095618000
Kota Medan;1.47831007356;0.02275123886;3.62758445000;98.66724689000
Kota Metro;0.61252391775;0.00598806786;-5.11734390000;105.30800948000
Kota Mojokerto;0.25225840234;0.00167745734;-7.47142339000;112.43746145000
Kota Padang;1.88136605389;0.05666373407;-0.89953247000;100.43791219000
Kota Padang Panjang;0.27138500066;0.00166448962;-0.47077580000;100.40424874000
Kota Padang Sidempuan;0.48732659302;0.01295582934;1.39058214000;99.28621901000
Kota Pagar Alam;1.24768256111;0.05237423225;-4.11712768000;103.26862235000
Kota Palangkaraya;2.50733495664;0.23157111451;-2.00751613000;113.76748799000
Kota Palembang;1.15197977069;0.02776421770;-2.97248065000;104.73988730000
Kota Palopo;0.84588986468;0.02302145701;-2.98151374000;120.14892192000
Kota Palu;1.77683053036;0.02961638169;-0.83765119000;119.90872376000
Kota Pangkal Pinang;0.54463318426;0.00865126582;-2.11088455000;106.11255862000
Kota Pare Pare;0.46910180417;0.00793796345;-4.02945933000;119.66619027000
Kota Pariaman;0.47340363855;0.00519443017;-0.60879418000;100.13742494000
Kota Pasuruan;0.37419640013;0.00317348883;-7.64973731000;112.90991604000
Kota Payakumbuh;0.43829672923;0.00614225019;-0.22673635000;100.63197389000
Kota Pekalongan;0.41288539485;0.00375496841;-6.89319299000;109.67727839000
Kota Pekanbaru;1.42759738202;0.05186109045;0.55127790000;101.46572615000
Kota Pematangsiantar;0.56199877609;0.00599015805;2.96180189000;99.05868748000
Kota Pontianak;0.44317772255;0.00960502570;-0.02503328000;109.33121924000
Kota Prabumulih;1.13775748621;0.03593657387;-3.44787845000;104.22730657000
Kota Probolinggo;0.55605944190;0.00448199020;-7.77381215000;113.20546891000
Kota Sabang;0.88991297652;0.01003891296;5.83786756000;95.30557026000
Kota Salatiga;0.42221880305;0.00474182227;-7.33780768000;110.49787567000
Kota Samarinda;1.41143247348;0.06062371539;-0.49872068000;117.17734988000
Kota Sawahlunto;0.74014463519;0.01932375215;-0.65192897000;100.75591568000
Kota Semarang;1.56862003913;0.03033219061;-7.02381361000;110.39172645000
Kota Serang;0.93345070392;0.02169154575;-6.12337663000;106.16675092000
Kota Sibolga;0.22080080693;0.00089779858;1.74013960000;98.78617073000
Kota Singkawang;1.38631700736;0.04427727027;0.88628653000;109.02970124000
Kota Solok;0.45941060500;0.00466750124;-0.78342929000;100.62979200000
Kota Sorong;1.16429820380;0.01686697925;-0.86728659000;131.31821020000
Kota Subulussalam;1.96595964003;0.09480174499;2.73345106000;97.93660878000
Kota Sukabumi;0.42230625218;0.00395295023;-6.93993983000;106.92435590000
Kota Sungai Penuh;0.82776935529;0.02950436659;-2.11399900000;101.33918373000
Kota Surabaya;1.33801993129;0.02757634088;-7.27444070000;112.72345289000
Kota Surakarta;0.36043924484;0.00382781974;-7.55789481000;110.82314485000
Kota Tangerang;0.86585372607;0.01458053783;-6.18438613000;106.65201276000
Kota Tangerang Selatan;0.66578684596;0.01346245246;-6.30212844000;106.70737198000
Kota Tanjung Balai;0.38384613489;0.00484133559;2.96378733000;99.79454675000
Kota Tanjung Pinang;1.24868392092;0.01224900552;0.91973180000;104.48696222000
Kota Tarakan;0.72304515292;0.02042382219;3.35940901000;117.59951086000
Kota Tasikmalaya;0.78138842523;0.01504840257;-7.36046693000;108.21909956000
Kota Tebing Tinggi;0.47998029782;0.00320890283;3.32798216000;99.15537439000
Kota Tegal;0.31883050364;0.00320289180;-6.86923622000;109.11572544000
Kota Ternate;1.12347500483;0.01317721959;0.83851589000;127.17247876000
Kota Tidore Kepulauan;3.42730512984;0.13595452431;0.47533212000;127.67338957000
Kota Tomohon;0.61632258689;0.01215822460;1.32441220000;124.81454382000
Kota Tual;3.11037505404;0.01920572633;-5.55690276000;132.48189712000
Kota Yogyakarta;0.35018499488;0.00269062881;-7.80329625000;110.37435754000
Kotabaru;10.88117374200;0.73713863530;-2.99647871000;116.07363545000
Kotawaringin Barat;6.79881201860;0.76451492716;-2.57079146000;111.76959699000
Kotawaringin Timur;6.94459342889;1.26514812248;-2.08562920000;112.71461310000
Kuantan Singingi;3.98058290365;0.43043858557;-0.47664133000;101.50361622000
Kubu Raya;12.12431376750;0.69370361145;-0.39209973000;109.53957700000
Kudus;1.32326467945;0.03660079101;-6.79027955000;110.86990516000
Kulon Progo;1.28690368930;0.04751801247;-7.81856577000;110.16697973000
Kuningan;1.90990687498;0.09758554839;-7.00345122000;108.55981928000
Kupang;6.24775987974;0.42234089020;-9.91810754000;123.85994223000
Kutai Barat;6.11122067817;1.10988592003;-0.50785145000;115.82516754000
Kutai Kartanegara;29.01354454840;2.19539391616;0.10886693000;116.47777102000
Kutai Timur;14.18132171530;2.58211462604;0.98735804000;117.15934323000
Labuhanbatu;3.87622263842;0.21338855310;2.29607629000;100.06210113000
Labuhanbatu Selatan;3.94742490111;0.25772434035;1.85399967000;100.13774683000
Labuhanbatu Utara;3.78601540144;0.30347579926;2.41275132000;99.75304792000
Lahat;4.35688986235;0.34484756523;-3.82719424000;103.38426777000
Lamandau;4.80848115348;0.62540531579;-1.77356703000;111.41496052000
Lamongan;3.11830956068;0.14344028629;-7.13147362000;112.30076821000
Lampung Barat;2.78497126996;0.17440988409;-5.05567042000;104.25198812000
Lampung Selatan;5.26927900021;0.18126523281;-5.53153857000;105.50166046000
Lampung Tengah;6.44865570318;0.40509722894;-4.88412198000;105.21768007000
Lampung Timur;4.48605195607;0.31559871215;-5.13151502000;105.64867914000
Lampung Utara;2.91306054607;0.20733326266;-4.80803331000;104.80632432000
Landak;6.19687359746;0.67965903298;0.50959015000;109.76139960000
Langkat;5.20334942126;0.50289337211;3.70741817000;98.22423344000
Lanny Jaya;3.55647667503;0.21249051987;-3.95153033000;138.36056892000
Lebak;3.22170162235;0.27086984272;-6.64207695000;106.21242518000
Lebong;2.30764117109;0.13542281073;-3.08972277000;102.24765522000
Lembata;3.45188591392;0.10410466882;-8.38121924000;123.54078629000
Lima Puluh Kota;3.90767686486;0.26618930233;0.02062376000;100.56967331000
Lingga;21.87141419540;0.18003273678;-0.22179363000;104.52684846000
Lombok Barat;3.67997933024;0.07587196465;-8.66446301000;116.09419318000
Lombok Tengah;2.47388442990;0.09589443611;-8.72282646000;116.28913097000
Lombok Timur;3.47749198703;0.13219572191;-8.53296156000;116.53059381000
Lombok Utara;1.58635445175;0.06655813140;-8.34888950000;116.28283921000
Lumajang;2.01549363259;0.14754863579;-8.12539667000;113.13845300000
Luwu;3.77429916710;0.23564184005;-3.19741417000;120.18234166000
Luwu Timur;4.87865473684;0.56522685020;-2.55255514000;121.13486205000
Luwu Utara;4.76620581045;0.61602624495;-2.38787027000;120.16498378000
Madiun;2.39395577100;0.09128454746;-7.62362659000;111.64583432000
Magelang;2.01687337284;0.09367438258;-7.50251451000;110.24941057000
Magetan;1.55148395394;0.05796473415;-7.66322698000;111.35749399000
Mahakam Ulu;9.53787567949;1.41819072830;0.70315508000;114.83826220000
Majalengka;2.43763611142;0.10884098577;-6.81511791000;108.25723994000
Majene;2.28216304440;0.07198327796;-3.17500208000;118.91649697000
Malaka;2.39441561657;0.09292385404;-9.52318811000;124.88766642000
Malang;5.39365037824;0.28416808948;-8.12672381000;112.64155547000
Malinau;12.78752164540;3.21068472884;2.48155258000;115.71783335000
Maluku Barat Daya;11.11210320320;0.37321962313;-7.83306332000;127.30401916000
Maluku Tengah;10.80629237750;0.67329822858;-3.18224486000;129.29177979000
Maluku Tenggara;5.85394591236;0.08299447238;-5.67707353000;132.88801159000
Mamasa;3.15892498634;0.24521183976;-2.94853986000;119.31049518000
Mamberamo Raya;13.74748690440;2.20699266961;-2.42264017000;137.95718661000
Mamberamo Tengah;3.73226676778;0.28122522800;-3.58161247000;139.00295849000
Mamuju;5.01891873207;0.38225720408;-2.53602891000;119.32997872000
Mamuju Tengah;3.38903971951;0.23076176290;-2.01457063000;119.50790162000
Mandailing Natal;5.69098340700;0.53122676309;0.77585398000;99.36927245000
Manggarai;2.59421021712;0.11003763601;-8.56916568000;120.40143588000
Manggarai Barat;10.80936150130;0.25773345506;-8.60250570000;119.98870564000
Manggarai Timur;2.65717062643;0.19332029460;-8.57556335000;120.68585035000
Manokwari;3.73682897947;0.25476355996;-0.94394884000;133.74653321000
Manokwari Selatan;2.93066272517;0.14312692623;-1.55757112000;134.02135327000
Mappi;10.34513135760;1.83777735238;-6.51806778000;139.36964565000
Maros;2.37970782378;0.11717261375;-5.00048983000;119.72517408000
Maybrat;4.40062735980;0.45289890966;-1.38273721000;132.52315429000
Melawi;5.83380916944;0.81967982504;-0.63546166000;111.72055201000
Mempawah;3.21444472418;0.15631566409;0.35123188000;109.15427144000
Merangin;5.21076369035;0.60091586428;-2.18780160000;102.06561967000
Merauke;18.35977293080;3.75425746783;-7.81489232000;139.70608432000
Mesuji;2.90937673018;0.17955667833;-4.02505026000;105.37799755000
Mimika;12.59947954290;1.56881995935;-4.52392857000;136.84475695000
Minahasa;2.74809268709;0.09198900928;1.25353712000;124.85915055000
Minahasa Selatan;2.83044857483;0.12143882769;1.08492287000;124.52180429000
Minahasa Tenggara;1.79455607487;0.05921881696;1.01295929000;124.71970833000
Minahasa Utara;4.13387387563;0.08155359614;1.54912147000;125.00463281000
Mojokerto;2.16983309472;0.08065381393;-7.55074520000;112.48445656000
Morowali;9.60572611712;0.35796511872;-2.71812874000;121.92844320000
Morowali Utara;7.59199453478;0.72080687777;-1.81720059000;121.38656198000
Muara Enim;7.54279804608;0.55005946337;-3.63672837000;104.00461256000
Muaro Jambi;5.28704053753;0.43682170614;-1.60513579000;103.74121718000
Muko Muko;2.86817974767;0.33659168045;-2.69036173000;101.48191437000
Muna;5.38965022580;0.15400340577;-4.94072881000;122.62934240000
Muna Barat;2.68120528496;0.06306819519;-4.81490278000;122.48683617000
Murung Raya;8.74287157224;1.90911071591;-0.03298022000;114.26715794000
Musi Banyuasin;7.54370157785;1.19183426701;-2.45732001000;103.82944618000
Musi Rawas;4.44309974569;0.49736517465;-3.16502717000;103.13602399000
Musi Rawas Utara;4.14816833135;0.48318172998;-2.74011036000;102.74399245000
Nabire;10.94094361130;0.95005097263;-3.38852521000;135.59805108000
Nagan Raya;3.28570217148;0.27918211483;4.15515850000;96.50565670000
Nagekeo;2.18164908948;0.11496260932;-8.68944302000;121.27344939000
Natuna;8.53458585629;0.16254661972;3.78489801000;108.25915619000
Nduga;7.99636530022;0.53124264844;-4.42722044000;138.32667121000
Ngada;2.94521508361;0.14592861093;-8.65890540000;120.99964331000
Nganjuk;2.07454661728;0.10562204360;-7.59754433000;111.93852543000
Ngawi;2.19650482351;0.11424342511;-7.43878188000;111.34332480000
Nias;1.92432299471;0.06809818620;1.07133764000;97.72269996000
Nias Barat;1.72293894221;0.03777770895;1.02896677000;97.49276569000
Nias Selatan;8.53806309129;0.20527750584;0.32831189000;98.09989846000
Nias Utara;2.87312934955;0.10007763239;1.31446948000;97.35512557000
Nunukan;12.12439336300;1.12134428799;4.00687184000;116.63239184000
Ogan Ilir;3.10250090476;0.18148326267;-3.40722057000;104.61156841000
Ogan Komering Ilir;9.89181438322;1.39173703261;-3.36468464000;105.39587027000
Ogan Komering Ulu;4.05510233213;0.30720155338;-4.09113642000;104.10859747000
Ogan Komering Ulu Selatan;4.05873486447;0.35684657955;-4.58728227000;103.90850801000
Ogan Komering Ulu Timur;4.61831523518;0.27657675734;-4.07993463000;104.56361096000
Pacitan;2.71576689356;0.11765261619;-8.12499690000;111.17814973000
Padang Lawas;3.89564395082;0.32024694200;1.14467177000;99.84562202000
Padang Lawas Utara;5.90220990638;0.32150528423;1.59631227000;99.77045111000
Padang Pariaman;2.08063630850;0.10957037605;-0.56511309000;100.22864604000
Pakpak Bharat;1.68133413001;0.11088553973;2.54980979000;98.24356743000
Pamekasan;1.64827071846;0.06477671342;-7.06555907000;113.50445295000
Pandeglang;5.89167469135;0.22664551343;-6.59033750000;105.74288646000
Pangandaran;2.48449782958;0.09219784108;-7.63593009000;108.51855092000
Pangkajene Kepulauan;5.58696338142;0.07251021514;-4.93953062000;119.47903588000
Paniai;3.79003445893;0.38355004110;-3.80806399000;136.48134620000
Parigi Moutong;9.01357586104;0.47169302470;0.01687019000;120.44904815000
Pasaman;3.86206543151;0.32108332712;0.38790289000;100.08887830000
Pasaman Barat;3.74129998331;0.30899786413;0.20588796000;99.67852514000
Pasangkayu;4.28262901661;0.23660158742;-1.48912571000;119.50805871000
Paser;6.60746255318;0.87146017510;-1.74252933000;116.09253588000
Pasuruan;2.09487379511;0.12221940539;-7.74271199000;112.83183286000
Pati;2.49358471861;0.12865051778;-6.74339023000;111.04228333000
Pegunungan Arfak;3.39106426166;0.30874995231;-1.29017800000;133.67939611000
Pegunungan Bintang;9.21131722762;1.26713971009;-4.54001754000;140.53082508000
Pekalongan;1.70101068891;0.07317577775;-7.05694831000;109.62050443000
Pelalawan;7.42577001863;1.06097213326;0.22023675000;102.27417867000
Pemalang;2.09658284664;0.09303386924;-7.03683153000;109.39512921000
Penajam Paser Utara;3.44519414660;0.26013609670;-1.15906236000;116.59285473000
Penukal Abab Lematang Ilir;2.46208504203;0.14470881713;-3.22141855000;103.97681647000
Pesawaran;4.66398466944;0.10505905503;-5.46941426000;105.11522352000
Pesisir Barat;4.65609767683;0.23982297324;-5.33841585000;104.16505592000
Pesisir Selatan;5.50337401113;0.49401246469;-1.73935561000;100.88099769000
Pidie;3.80296775882;0.25509998597;5.05786377000;96.02898627000
Pidie Jaya;1.46017404435;0.07761568464;5.12365938000;96.21166477000
Pinrang;2.52564594641;0.15119477761;-3.63203781000;119.60168515000
Pohuwato;4.49805450164;0.35506614426;0.68829253000;121.70978251000
Polewali Mandar;2.67034254266;0.16922447539;-3.30983955000;119.14679886000
Ponorogo;2.22842919325;0.11637837758;-7.93110052000;111.49994102000
Poso;5.05362909142;0.58278031664;-1.67140831000;120.52166444000
Pringsewu;1.97553357135;0.04981884997;-5.33622895000;104.93208138000
Probolinggo;3.27325359261;0.14180421593;-7.86683986000;113.32101086000
Pulang Pisau;5.97927124135;0.79028536424;-2.69541320000;113.96121616000
Pulau Morotai;3.33472254151;0.19011835065;2.31637530000;128.44830212000
Pulau Taliabu;5.69006605617;0.24268419195;-1.81943390000;124.73939553000
Puncak;7.67774183590;0.55985958524;-3.70101431000;137.48727376000
Puncak Jaya;4.97006320324;0.38957902738;-3.42542758000;137.84725353000
Purbalingga;1.55158336794;0.06601143927;-7.32325441000;109.40718492000
Purwakarta;1.68861222578;0.08120285535;-6.59527821000;107.43077631000
Purworejo;1.56624491360;0.08854292199;-7.70030906000;109.96586273000
Raja Ampat;47.83389100060;0.60115285079;-0.89638148000;130.56771786000
Rejang Lebong;2.24662547455;0.12634072624;-3.42990666000;102.70224466000
Rembang;1.72464569297;0.08486714971;-6.77514627000;111.46151804000
Rokan Hilir;6.49120189701;0.75369012202;1.78323278000;100.75688904000
Rokan Hulu;6.53754619152;0.59695024331;0.94407102000;100.49211856000
Rote Ndao;4.72683881744;0.10634288443;-10.72605584000;123.12436908000
Sabu Raijua;1.22995374601;0.03808097506;-10.53575935000;121.84434529000
Sambas;4.27907348221;0.47131290883;1.42981564000;109.34718399000
Samosir;3.17890486772;0.11572939076;2.53983795000;98.70145564000
Sampang;2.23291730731;0.10083849327;-7.05189884000;113.25685179000
Sanggau;7.68635964208;1.02869348277;0.26951626000;110.42739671000
Sarmi;9.81082987677;1.12952417899;-2.47898213000;139.05355614000
Sarolangun;5.03406903477;0.49413986802;-2.31082435000;102.66125054000
Sekadau;5.24461246211;0.51166295043;-0.03468183000;110.94536377000
Seluma;2.51901324330;0.20047293547;-4.05413962000;102.66148517000
Semarang;2.86770212137;0.08321158961;-7.27072446000;110.47348861000
Seram Bagian Barat;7.83784816434;0.40662705668;-3.13915959000;128.35612435000
Seram Bagian Timur;6.94794744847;0.46581273903;-3.41998300000;130.44269614000
Serang;4.66265440077;0.12005094862;-6.14185632000;106.14605301000
Serdang Bedagai;3.21240964199;0.15849613252;3.36638176000;99.05698164000
Seruyan;9.15420526418;1.24186185457;-2.26448709000;112.19880954000
Siak;6.94254339742;0.65190040157;0.82091706000;101.86255264000
Sidenreng Rappang;2.98796171230;0.15514343764;-3.80325841000;119.97504566000
Sidoarjo;1.56085796282;0.05955784210;-7.45202122000;112.70094135000
Sigi;4.90684194992;0.43446891958;-1.41955485000;119.97165733000
Sijunjung;2.95607221535;0.25305643515;-0.68531552000;101.09087431000
Sikka;3.84861905596;0.13761710872;-8.60917862000;122.30660015000
Simalungun;5.19544047502;0.35724356581;2.97799317000;99.03676992000
Simeulue;7.76587700560;0.14814671689;2.61285172000;96.08625118000
Sinjai;1.84874576043;0.07077643042;-5.20960501000;120.13517096000
Sintang;11.88761617020;1.80398867628;0.08902016000;112.07001405000
Situbondo;3.33161002563;0.13565035772;-7.80141951000;114.05122089000
Sleman;1.53487750365;0.04598249152;-7.71985790000;110.38206675000
Solok;4.21350087150;0.27354915706;-0.95402224000;100.81146114000
Solok Selatan;3.52443985752;0.28985562548;-1.40793087000;101.25359832000
Soppeng;1.95400008305;0.11167413583;-4.33838906000;119.89362578000
Sorong;11.62647347360;0.66195847114;-1.11598892000;131.54958300000
Sorong Selatan;6.15590270464;0.54514627751;-1.72686160000;132.18573372000
Sragen;1.72387763582;0.08145804672;-7.38535328000;110.97414520000
Subang;2.78406955246;0.17704131498;-6.48470938000;107.73183639000
Sukabumi;4.08571286686;0.34073626637;-7.07640296000;106.70762810000
Sukamara;3.89431851743;0.26163583217;-2.61550429000;111.16063082000
Sukoharjo;1.59273989959;0.04035346212;-7.68054410000;110.83504244000
Sumba Barat;1.93045374538;0.05576249760;-9.63823553000;119.38780344000
Sumba Barat Daya;1.56108405723;0.11834813679;-9.53725525000;119.18034646000
Sumba Tengah;2.51521264997;0.14957375265;-9.54661224000;119.66654323000
Sumba Timur;4.72941925683;0.57580953683;-9.87807628000;120.25484595000
Sumbawa;9.41908069712;0.54607466144;-8.70330997000;117.48493254000
Sumbawa Barat;2.69477362334;0.14410338373;-8.82978256000;116.91505583000
Sumedang;2.19679091011;0.12810443485;-6.82475889000;107.98131087000
Sumenep;10.22262766520;0.17054828899;-6.96649465000;114.40309336000
Supiori;3.43580692023;0.05465874693;-0.73620760000;135.56875451000
Tabalong;3.97504949818;0.28235320700;-1.86201661000;115.50009819000
Tabanan;1.51637152424;0.06973180312;-8.43009538000;115.07820049000
Takalar;3.31403738420;0.04588237725;-5.41684044000;119.47459868000
Tambrauw;6.27058166971;0.87181336353;-0.78892746000;132.73225669000
Tana Tidung;7.87610585579;0.28586697544;3.57028628000;117.15834022000
Tana Toraja;3.37851687482;0.16844708705;-3.11146380000;119.70493341000
Tanah Bumbu;4.06897152328;0.39783098062;-3.43990979000;115.64724894000
Tanah Datar;2.45051841948;0.10466855135;-0.46102140000;100.58337810000
Tanah Laut;3.19155465651;0.31119750187;-3.82064051000;114.90560174000
Tangerang;2.42469166820;0.08396945823;-6.17449090000;106.51892769000
Tanggamus;6.19507067995;0.20503638212;-5.46819414000;104.68969810000
Tanjung Jabung Barat;3.43212867993;0.40344603922;-1.06932551000;103.11104827000
Tanjung Jabung Timur;4.25363915590;0.39959160102;-1.21905681000;103.96748742000
Tapanuli Selatan;6.02006183312;0.34026996510;1.50641785000;99.27283203000
Tapanuli Tengah;5.96149272180;0.19769563778;1.82888238000;98.66627971000
Tapanuli Utara;3.99717164096;0.29970429077;1.99130421000;99.06524254000
Tapin;2.87775336537;0.17606931297;-2.92241074000;115.04679350000
Tasikmalaya;3.73399098737;0.22164368567;-7.49685681000;108.14152115000
Tebo;4.72034006772;0.49951222073;-1.30931005000;102.36400255000
Tegal;2.01296235461;0.08052134952;-7.02882248000;109.15852627000
Teluk Bintuni;20.99831303360;1.54678966000;-2.15374013000;133.44601727000
Teluk Wondama;11.42782064500;0.42196854076;-2.84855048000;134.39604549000
Temanggung;1.60025186943;0.07080206443;-7.25771322000;110.13637146000
Timor Tengah Selatan;3.61068890377;0.32524444029;-9.82826450000;124.39530936000
Timor Tengah Utara;3.37983948308;0.21545292239;-9.37761463000;124.56936644000
Toba Samosir;3.70389096372;0.16691783446;2.37960477000;99.26332708000
Tojo Una Una;13.05948631090;0.45714625187;-1.12504258000;121.57895128000
Toli Toli;6.20885923954;0.30075619688;0.92740199000;120.73002389000
Tolikara;6.17468441334;0.47740574509;-3.36748553000;138.41780044000
Toraja Utara;2.38904531131;0.10399032129;-2.88160479000;119.87206027000
Trenggalek;3.27885252894;0.10238994213;-8.16112950000;111.62695312000
Tuban;2.60687838514;0.16161354071;-6.95357420000;111.89221564000
Tulang Bawang;4.26173186723;0.25269224981;-4.37313322000;105.52915605000
Tulang Bawang Barat;2.96144165804;0.10412644991;-4.42624883000;105.08980386000
Tulungagung;2.39207293081;0.09394269650;-8.11350849000;111.88767319000
Wajo;2.72769637826;0.20714215701;-4.00599523000;120.16714024000
Wakatobi;4.11225452172;0.03791744199;-5.56755700000;123.78240573000
Waropen;8.16781614418;0.90163675982;-2.75681207000;136.74791712000
Way Kanan;4.20076881749;0.29700451627;-4.51658056000;104.61339876000
Wonogiri;2.64853360352;0.15621190843;-7.91930288000;110.99927702000
Wonosobo;1.78053870175;0.08288978776;-7.41632331000;109.90735393000
Yahukimo;10.74977405340;1.21968213746;-4.48175780000;139.55966053000
Yalimo;4.40555982618;0.33525289523;-3.80598401000;139.47198013000
